nr_2012,latid_noiseUL,longit_noiseUL,latid_noiseUM2,longit_noiseUM2
1,50.49215,31.39483,50.47614,31.40813
2,50.50885,31.39344,50.47178,31.52396
3,50.54139,31.46092,50.51461,31.45034
4,50.45771,31.35281,50.52903,31.43289
5,50.5092,31.46058,50.40326,31.44074
6,50.48903,31.47451,50.51181,31.4428
7,50.49498,31.38229,50.45535,31.3231
8,50.47853,31.49228,50.4868,31.53374
9,50.49407,31.3981,50.48111,31.41456
10,50.45361,31.45731,50.51506,31.43278
11,50.4532,31.46421,50.50866,31.42579
12,50.55333,31.47147,50.48421,31.42854
13,50.48509,31.46232,50.48481,31.49829
14,50.4011,31.44837,50.46354,31.49258
15,50.60038,31.44446,50.51135,31.48201
16,50.51129,31.40488,50.44419,31.5034
17,50.45189,31.46124,50.45289,31.38015
18,50.48213,31.43562,50.41301,31.37
19,50.51088,31.39942,50.43088,31.41611
20,50.47459,31.46314,50.4782,31.40528
21,50.50138,31.45928,50.50491,31.47245
22,50.43363,31.43645,50.43308,31.5532
23,50.43477,31.48407,50.41467,31.35394
24,50.41842,31.41356,50.44763,31.44627
25,50.41831,31.44295,50.4259,31.40745
26,50.47872,31.43877,50.50015,31.45516
27,50.51085,31.3667,50.4367,31.41149
28,50.38027,31.44304,50.49662,31.50947
29,50.42668,31.47355,50.46667,31.4744
30,50.47581,31.47711,50.52044,31.36497
31,50.44545,31.41603,50.49422,31.45357
32,50.48529,31.44992,50.52057,31.42937
33,50.50305,31.33317,50.51366,31.46445
34,50.43399,31.41348,50.39265,31.42342
35,50.45172,31.47155,50.4896,31.39334
36,50.4024,31.40072,50.35738,31.38767
37,50.44147,31.4749,50.56326,31.40856
38,50.45387,31.4284,50.4687,31.51486
39,50.44239,31.47683,50.44608,31.56723
40,50.52253,31.4558,50.50248,31.48648
41,50.42764,31.41716,50.48589,31.43857
42,50.50985,31.46957,50.47896,31.55807
43,50.45359,31.38203,50.5218,31.35926
44,50.45682,31.49828,50.54646,31.43953
45,50.49116,31.41018,50.41561,31.42918
46,50.52997,31.43679,50.38485,31.51781
47,50.49806,31.43608,50.4344,31.34613
48,50.44503,31.47134,50.48087,31.44929
49,50.37344,30.76297,50.44723,30.82025
50,50.43278,30.87373,50.39286,30.86954
51,50.39341,30.81099,50.49564,30.77853
52,50.37154,30.82704,50.3994,30.8281
53,50.35327,30.86569,50.37946,30.83323
54,50.37736,30.79421,50.49818,30.89032
55,50.33998,30.78166,50.39293,30.87987
56,50.34275,30.84226,50.32637,30.85589
57,50.38028,30.85764,50.37182,30.78662
58,49.7663,30.14583,49.91096,30.05548
59,49.95505,30.12942,49.93554,30.1354
60,49.81176,30.10543,49.83461,30.21242
61,49.82148,30.12614,49.83414,30.05787
62,49.86855,30.07976,49.87609,30.05257
63,49.87539,30.09923,49.80739,30.02537
64,49.78649,30.14428,49.89823,30.06735
65,49.89783,30.14877,49.85763,30.07624
66,49.89314,30.10736,49.85911,30.09818
67,49.81359,30.08016,49.76762,30.14681
68,49.7756,30.15218,49.76615,30.12227
69,49.79474,30.06164,49.84171,30.12363
70,49.78794,30.13382,49.77828,30.08776
71,49.74895,30.15119,49.83838,30.07159
72,49.73086,30.16418,49.80519,30.16206
73,49.75161,30.05916,49.82287,30.13853
74,49.79713,30.09516,49.74741,30.10785
75,49.75025,30.09536,49.80861,29.99013
76,49.79972,30.12049,49.83975,30.11255
77,49.86027,30.087,49.87674,30.20154
78,49.71146,30.07608,49.88956,30.09286
79,49.77877,30.14095,49.68502,30.14068
80,49.78492,30.10305,49.9285,30.05431
81,49.78608,30.131,49.84386,30.08385
82,50.11856,30.55295,50.11356,30.53983
83,50.13298,30.5462,50.09946,30.5451
84,50.08078,30.52561,50.1129,30.54721
85,50.15993,30.53416,50.03355,30.50062
86,50.13206,30.5526,50.15435,30.54879
87,50.11188,30.543,50.12453,30.5903
88,50.13397,30.4978,50.11208,30.55663
89,50.09751,30.52244,50.12809,30.55965
90,50.52955,31.50558,50.52904,31.40915
91,50.51068,31.49932,50.51311,31.45631
92,50.5654,31.44635,50.44202,31.38158
93,50.41809,31.45875,50.5129,31.4533
94,50.55108,31.39474,50.44274,31.43347
95,50.46075,31.49303,50.53284,31.49597
96,50.38776,31.40117,50.53933,31.41604
97,50.52629,31.44174,50.45255,31.4114
98,50.46387,31.42059,50.53936,31.41012
99,50.47953,31.46188,50.48806,31.45918
100,50.43702,31.42828,50.34954,31.46698
101,50.49067,31.39791,50.45832,31.4481
102,50.49762,31.43085,50.51234,31.54302
103,50.49719,31.44298,50.49945,31.41023
104,50.46302,31.46759,50.52618,31.39534
105,50.48915,31.49761,50.48944,31.51057
106,50.50196,31.44444,50.51915,31.46067
107,50.51295,31.44275,50.46778,31.53506
108,50.45141,31.45383,50.46045,31.3651
109,50.40832,31.42163,50.45655,31.40543
110,50.40625,31.42615,50.55683,31.4088
111,50.45103,31.43489,50.47022,31.49267
112,50.43711,31.45873,50.52618,31.43831
113,50.50296,31.48078,50.50039,31.42148
114,50.4628,31.41483,50.45811,31.4884
115,50.51083,31.53257,50.52702,31.35167
116,50.50063,31.49071,50.49689,31.53004
117,50.4934,31.46946,50.5235,31.49805
118,50.47858,31.44809,50.45155,31.43073
119,50.48524,31.4458,50.44725,31.39772
120,50.51878,31.47568,50.48244,31.44513
121,50.49842,31.44125,50.43814,31.51645
122,50.51371,31.50323,50.38696,31.56825
123,50.57158,31.464,50.49644,31.4388
124,50.49927,31.51006,50.47269,31.37006
125,50.4933,31.40534,50.50118,31.50692
126,50.53695,31.37008,50.49012,31.48039
127,50.43457,31.47797,50.48171,31.43169
128,50.45659,31.4682,50.45131,31.53671
129,50.5282,31.39453,50.50851,31.48564
130,50.47926,31.40548,50.45574,31.38693
131,50.50708,31.43264,50.44392,31.46149
132,50.51257,31.42776,50.51432,31.39645
133,50.47304,31.42024,50.52272,31.49697
134,50.49501,31.41423,50.44289,31.43844
135,50.44386,31.51607,50.44228,31.45088
136,50.47403,31.43287,50.36121,31.43466
137,50.52452,31.44299,50.36513,31.42049
138,50.4649,31.4271,50.46646,31.47142
139,50.4334,31.43192,50.52694,31.37531
140,50.49627,31.43394,50.45937,31.40264
141,50.49003,31.47856,50.47808,31.41684
142,50.4383,31.54447,50.44755,31.44667
143,50.48549,31.44997,50.51604,31.38606
144,50.43966,31.47027,50.44049,31.41298
145,50.46188,31.45215,50.46753,31.41939
146,50.4527,31.47614,50.49519,31.46112
147,50.52982,31.43471,50.5097,31.28582
148,50.46784,31.46951,50.53928,31.40168
149,50.45251,31.45429,50.53421,31.48682
150,50.47303,31.49626,50.41321,31.46996
151,50.46339,31.42574,50.4784,31.41289
152,50.39902,31.48456,50.4796,31.34629
153,50.56111,31.46682,50.49813,31.45143
154,50.47266,31.45719,50.48445,31.44909
155,50.61191,30.43609,50.56315,30.50054
156,50.5869,30.50995,50.51791,30.4152
157,50.62287,30.4785,50.584,30.48124
158,50.53887,30.52081,50.56543,30.47833
159,50.59618,30.4651,50.65786,30.55596
160,50.56137,30.51439,50.55721,30.48266
161,50.56651,30.48418,50.57256,30.53247
162,50.61127,30.52818,50.51716,30.5448
163,50.58263,30.47301,50.55695,30.44169
164,50.57295,30.52356,50.60191,30.47975
165,50.6049,30.49093,50.6293,30.50333
166,50.50879,30.50138,50.53143,30.53475
167,50.54467,30.41761,50.53828,30.52568
168,50.54065,30.50309,50.5644,30.56038
169,50.43226,30.38638,50.53342,30.41904
170,50.52665,30.28,50.47546,30.43225
171,50.43883,30.4232,50.51373,30.37486
172,50.43948,30.39307,50.51333,30.3025
173,50.4537,30.34119,50.47155,30.41255
174,50.41555,30.37597,50.44853,30.40296
175,50.48142,30.4177,50.46325,30.47148
176,50.40141,30.3855,50.45103,30.36822
177,50.51715,30.3912,50.56403,30.3956
178,50.49327,30.50308,50.40589,30.47002
179,50.48362,30.45408,50.47401,30.39502
180,50.47076,30.40877,50.54494,30.39725
181,50.37833,30.36476,50.4804,30.50221
201,49.39808,31.20219,49.41035,31.24942
202,49.4184,31.2408,49.44377,31.1837
203,49.41022,31.24938,49.37043,31.23174
204,49.41504,31.28599,49.40298,31.2893
205,49.39436,31.21622,49.42612,31.14954
206,49.50359,31.21307,49.40525,31.23343
207,49.42076,31.19994,49.43222,31.24278
208,49.3592,31.23328,49.45924,31.26671
209,49.44515,31.27086,49.31012,31.22954
210,49.36699,31.26709,49.36939,31.27877
211,49.41927,31.1731,49.51551,31.23726
212,49.35147,31.33371,49.31414,31.29978
213,49.34033,31.411,49.25814,31.36451
214,49.31077,31.3496,49.43211,31.39524
215,49.31379,31.31969,49.2328,31.41749
216,49.36608,31.3611,49.37661,31.26027
217,49.28165,31.27655,49.37361,31.38151
218,49.29393,31.35223,49.3868,31.3
219,49.33697,31.37315,49.19535,31.34916
220,49.33452,31.37502,49.2834,31.41215
221,49.34878,31.27674,49.35725,31.39933
222,49.30495,31.33761,49.30621,31.39141
223,49.38699,31.24826,49.42157,31.26887
224,49.43169,31.25515,49.36182,31.14446
225,49.41366,31.29311,49.42641,31.31742
226,49.36533,31.2578,49.39588,31.28774
227,49.44234,31.29954,49.42601,31.24231
228,49.39149,31.34346,49.50833,31.34953
229,49.38818,31.28582,49.38693,31.25702
230,49.35644,31.28224,49.37678,31.31439
231,49.45893,31.25877,49.40147,31.35092
232,49.26382,31.93744,49.18488,31.83899
233,49.15243,31.89075,49.21072,31.91147
234,49.23584,31.82807,49.20336,31.9867
235,49.19846,31.86172,49.12718,31.89611
236,49.24236,31.86481,49.25861,31.97165
237,49.27331,31.87925,49.2028,31.85252
238,49.20606,31.89512,49.2405,31.90259
239,49.12711,31.86233,49.15969,31.88446
240,49.47287,32.02035,49.4473,32.01983
241,49.40503,32.06734,49.40268,32.0225
242,49.53221,32.05144,49.40324,32.03866
243,49.35254,32.01129,49.38155,32.03027
244,49.42965,32.04579,49.54826,32.12786
245,49.41972,32.15265,49.49744,32.02215
246,49.42395,32.01963,49.37962,32.05861
247,49.3898,32.06267,49.42542,32.10571
248,49.40537,32.05592,49.39125,32.07038
249,49.43036,32.02089,49.34142,32.0113
250,49.48421,32.06019,49.36252,32.08735
251,49.38308,32.03505,49.3517,32.1701
252,50.20561,28.63805,50.16601,28.63242
253,50.15164,28.6133,50.14233,28.63914
254,50.1717,28.69194,50.1572,28.59094
255,50.11382,28.59912,50.14595,28.58408
256,50.15199,28.63981,50.13994,28.61272
257,50.08551,28.63377,50.23095,28.71369
258,50.12675,28.60016,50.09042,28.62197
259,50.19572,28.65238,50.2622,28.63312
260,50.12506,28.67104,50.1855,28.63174
261,50.20716,28.54524,50.20496,28.59644
262,50.14244,28.64381,50.22416,28.66809
263,50.14904,27.98515,50.23563,27.94345
264,50.11534,27.96002,50.0781,27.90398
265,50.16254,28.03109,50.18248,27.98033
266,50.12505,27.98662,50.12189,27.94221
267,50.16506,27.92313,50.13478,27.94539
268,50.14985,27.92269,50.19794,28.01467
269,50.15196,27.90574,50.15064,27.91698
270,50.13894,27.93466,50.22231,27.94307
271,50.25117,28.66688,50.23176,28.70284
273,50.23399,28.60077,50.24294,28.55805
274,50.25515,28.6833,50.3338,28.63371
275,50.2632,28.62632,50.30233,28.61526
276,50.22824,28.68864,50.16803,28.66247
277,50.26262,28.66913,50.28174,28.69188
281,50.34338,28.67375,50.29594,28.63658
282,50.96301,28.60019,50.90827,28.64514
283,50.9347,28.56776,50.93058,28.66902
284,50.92591,28.67636,50.9078,28.62584
285,50.96268,28.70906,50.9034,28.61777
286,51.0013,28.63371,50.96955,28.60671
287,50.96453,28.62744,50.92435,28.69857
288,50.96946,28.61329,50.9692,28.55052
289,50.96057,28.56621,50.96711,28.66277
290,50.91353,28.62858,50.97673,28.64257
291,50.97873,28.7128,50.94106,28.58512
292,50.30603,29.17135,50.42122,29.208
294,50.40388,29.10924,50.32321,29.12504
295,50.41513,29.08245,50.34745,29.09821
296,50.34354,29.12429,50.35555,29.09543
297,50.42775,29.10119,50.39355,29.14767
298,50.34056,29.08456,50.42101,29.08913
299,50.34077,29.18061,50.34341,29.21641
301,50.41463,29.09032,50.36253,29.09092
302,46.64472,32.58944,46.71504,32.57433
303,46.70332,32.56634,46.56975,32.65929
304,46.67547,32.61522,46.61951,32.53952
305,46.65153,32.58686,46.60318,32.54227
306,46.59873,32.58797,46.58409,32.6052
307,46.61303,32.62862,46.62096,32.6408
308,46.65936,32.56689,46.65417,32.56755
309,46.66697,32.62525,46.65971,32.71352
310,46.60822,32.60789,46.70617,32.59615
311,46.62164,32.5458,46.57832,32.65916
312,46.66607,32.64234,46.64413,32.69234
313,46.66281,32.59337,46.57209,32.54613
314,46.5962,32.57553,46.6226,32.61674
315,46.74717,33.2894,46.78877,33.35178
316,46.83924,33.33663,46.76248,33.32943
317,46.72202,33.34794,46.70387,33.36079
318,46.8401,33.33895,46.72153,33.40597
319,46.70274,33.40623,46.65569,33.31039
320,46.78015,33.41967,46.7216,33.40691
321,46.78288,33.35331,46.70814,33.3359
322,46.77773,33.31874,46.79445,33.34491
323,46.79134,33.37626,46.86298,33.37893
324,46.74001,33.40778,46.81848,33.28686
325,46.77162,33.3758,46.7703,33.24688
326,46.82673,33.38245,46.76283,33.39938
327,46.77796,33.40001,46.83563,33.43729
328,46.78234,33.36228,46.79646,33.30094
329,46.59082,32.4938,46.55581,32.40961
330,46.48334,32.54428,46.53059,32.53374
331,46.44547,32.50578,46.56926,32.54161
332,46.51055,32.50257,46.59763,32.44202
333,46.5554,32.48391,46.57177,32.62627
334,46.50892,32.59812,46.58088,32.44511
335,46.56526,32.51376,46.40019,32.57137
336,46.49559,32.4399,46.45896,32.48618
337,46.38012,33.55043,46.31955,33.4828
338,46.41463,33.55777,46.41145,33.49284
339,46.32902,33.51763,46.41427,33.64045
340,46.36434,33.50067,46.33035,33.54657
341,46.32985,33.52417,46.41637,33.6092
342,46.36162,33.53268,46.43753,33.57455
343,46.40693,33.49458,46.32769,33.56644
344,46.33399,33.50686,46.36881,33.50424
345,46.97134,32.04183,46.88391,32.03473
346,46.98393,32.01733,46.98676,32.07889
347,46.9549,32.05764,46.9424,31.97765
348,46.89969,31.98616,46.92548,32.0008
349,47.03437,32.05418,46.87805,32.04526
350,46.86102,32.12181,46.90582,32.02585
351,46.92649,32.03223,46.86669,32.02173
352,46.93901,32.02081,46.94199,32.12195
353,46.93716,31.91382,46.86263,32.03647
354,46.96635,31.9662,46.91473,31.9345
355,46.8588,31.9267,46.82088,32.11535
357,46.93118,32.07649,46.95221,31.99031
358,46.86641,31.97256,46.8883,32.06557
360,46.94324,32.02725,46.95833,31.95506
361,46.81587,31.95573,46.94284,32.06955
362,46.93492,32.00981,46.87206,31.95302
364,46.95997,31.96937,46.95493,32.09548
365,47.1917,32.83892,47.0929,32.77591
366,47.18356,32.83566,47.13739,32.84171
367,47.28557,32.75526,47.15432,32.81607
368,47.23079,32.81871,47.17792,32.81792
369,47.28189,32.87954,47.18598,32.83433
370,47.21138,32.86029,47.30281,32.90873
371,47.1881,32.89042,47.27252,32.79972
372,47.22817,32.81787,47.23285,32.77465
373,47.93921,30.45424,47.96959,30.33773
374,47.86701,30.4338,47.9582,30.44952
375,47.88397,30.47542,47.94506,30.39585
376,47.91668,30.4745,47.89823,30.50411
377,47.97872,30.43073,47.81094,30.52555
378,47.89713,30.50466,47.94027,30.46421
379,47.9785,30.52063,47.91701,30.49287
380,47.7835,31.15472,47.89405,31.09633
381,47.84975,31.14986,47.75647,31.22765
382,47.84591,31.22952,47.89584,31.28235
383,47.75524,31.21324,47.80414,31.18741
384,47.79012,31.24742,47.83868,31.26467
385,47.80617,31.15658,47.83931,31.1636
386,47.81296,31.25485,47.79285,31.13246
387,47.86956,31.13036,47.81097,31.13782
388,47.77737,31.10131,47.87337,31.14747
389,47.75769,31.15265,47.76279,31.14102
390,47.84097,31.18841,47.80657,31.16309
391,47.85855,31.19132,47.80571,31.23353
392,51.49733,31.37762,51.44748,31.22627
393,51.506,31.28979,51.59471,31.33936
394,51.45301,31.23919,51.50817,31.27112
395,51.51664,31.29209,51.4767,31.25692
396,51.54354,31.32679,51.49276,31.35241
397,51.53011,31.21729,51.51207,31.32693
398,51.54726,31.36471,51.54187,31.25898
399,51.45618,31.23428,51.48507,31.30803
400,51.55232,31.26299,51.50856,31.26961
401,51.57251,31.30176,51.44563,31.36782
402,51.46032,31.29345,51.4957,31.15778
403,51.52107,31.22479,51.5092,31.26982
404,51.45555,31.28166,51.51259,31.36298
405,51.5069,31.27132,51.47935,31.32776
406,51.5107,31.32779,51.48964,31.32824
407,51.53406,31.35307,51.46284,31.34021
408,51.50204,31.23914,51.45785,31.27935
409,51.10428,32.02599,51.15145,32.07542
410,51.03762,32.07244,51.04879,32.09451
411,51.04501,31.98298,50.98135,31.9908
412,51.02148,32.09674,51.02925,32.02549
413,51.07903,31.9405,51.03119,32.0332
414,50.99868,32.06014,51.02383,32.04644
415,51.10522,32.0464,51.04669,32.05849
416,51.08366,32.0676,50.95938,32.07728
417,51.03099,32.04914,51.03495,32.04021
418,51.5517,31.11461,51.61404,31.20615
419,51.46935,31.09972,51.59061,31.21446
420,51.58074,31.20098,51.60577,31.15625
421,51.5615,31.15387,51.56163,31.22618
422,51.55225,31.1314,51.5603,31.14377
423,51.538,31.20461,51.51372,31.1575
424,51.58039,31.1749,51.52335,31.14577
425,51.64149,31.22063,51.61142,31.20201
426,51.26656,32.44846,51.23535,32.42082
427,51.27129,32.45584,51.23776,32.49322
428,51.2962,32.46929,51.23714,32.44904
429,51.29836,32.4229,51.20229,32.41677
430,51.21339,32.43472,51.25833,32.35887
431,51.2287,32.4689,51.25399,32.44793
432,51.26057,32.37647,51.28324,32.29594
433,51.23001,32.44862,51.26183,32.49718
434,51.34106,32.48965,51.13096,32.44006
435,51.31862,32.41346,51.33272,32.46972
436,48.60971,22.25354,48.56796,22.21722
437,48.64662,22.26434,48.57734,22.3247
438,48.5771,22.21161,48.64126,22.23615
439,48.59425,22.26341,48.68298,22.28465
440,48.6076,22.33535,48.59406,22.37143
441,48.6078,22.33747,48.63067,22.31553
442,48.51438,22.25317,48.61822,22.35356
443,48.59125,22.26511,48.69621,22.27736
444,48.58422,22.29734,48.53682,22.39802
445,48.63826,22.19353,48.70265,22.21328
446,48.33651,23.00467,48.33093,23.08056
447,48.39187,23.02286,48.34333,23.08716
448,48.30816,23.0706,48.28275,22.9953
449,48.41699,23.01495,48.33735,23.10843
450,48.32162,23.13887,48.41076,23.09068
451,48.33874,23.05888,48.3665,22.95894
452,48.31,23.03878,48.31153,23.05085
453,48.73521,22.48037,48.6339,22.49791
454,48.73963,22.54496,48.70417,22.50913
455,48.76011,22.48109,48.77916,22.55193
456,48.73929,22.523,48.77293,22.46955
457,48.79752,22.52642,48.71481,22.51473
458,48.7433,22.49879,48.75097,22.61456
459,48.76659,22.43645,48.79322,22.47931
460,48.7291,22.50741,48.72181,22.43737
461,48.7653,22.55051,48.71478,22.47657
462,48.52453,22.54944,48.47319,22.52738
463,48.40292,22.5501,48.50738,22.55303
464,48.49128,22.54547,48.48031,22.53549
465,48.39182,22.48123,48.44738,22.51744
466,48.45842,22.56545,48.35558,22.50103
467,48.43872,22.48858,48.46811,22.5651
468,48.48582,22.5954,48.47916,22.55414
469,48.44073,22.51486,48.52478,22.51764
470,48.43513,22.54371,48.46907,22.51523
471,48.50603,22.55864,48.46621,22.56005
472,48.09462,22.92625,48.04012,22.9529
473,48.1209,22.99288,48.11916,23.0036
474,48.05849,22.97007,48.16286,23.03246
475,48.14432,22.98367,48.06173,23.00233
476,48.12301,23.05034,48.12446,22.9268
477,48.10992,23.01714,48.08278,23.06825
478,48.16567,23.10301,48.12516,23.03369
479,48.11111,23.0214,48.23601,23.00077
480,48.10698,22.97467,48.03488,23.05025
481,48.15842,22.93064,48.19889,22.92298
482,48.28934,25.90432,48.28371,25.9625
483,48.28679,25.97191,48.27316,25.98717
484,48.32501,25.89843,48.31026,26.01894
485,48.34785,25.90808,48.26514,25.93029
486,48.29922,25.88762,48.28047,25.95985
487,48.32527,25.90763,48.2877,25.94831
488,48.33657,25.94816,48.431,25.87677
489,48.32653,25.86188,48.31329,25.92858
490,48.30168,25.92636,48.39172,25.92931
491,48.27634,25.93337,48.23419,25.90028
492,48.32705,25.97306,48.29356,25.93431
493,48.339,25.9501,48.27776,25.9827
494,48.2776,25.96934,48.28802,25.90176
495,48.3149,25.9566,48.31176,25.96807
496,48.25582,25.89346,48.31483,25.99379
497,48.25929,25.8962,48.15852,25.84914
498,48.299,25.83423,48.27242,25.90401
499,48.23024,25.90648,48.18258,25.86754
500,48.20443,25.89432,48.11704,25.88734
501,48.23574,25.943,48.21854,25.97844
502,48.2247,25.94598,48.25837,26.01182
503,48.17702,25.86065,48.29392,25.97676
504,48.19934,25.88504,48.19964,25.98352
505,48.22383,25.90552,48.24492,25.99953
506,48.18174,25.85489,48.25393,25.88782
507,48.39473,26.06658,48.41516,26.26022
508,48.40844,26.11037,48.34176,26.19021
509,48.395,26.20601,48.51858,26.12552
510,48.40612,26.07817,48.33594,26.14425
511,48.44611,26.07893,48.49339,26.10079
512,48.43624,26.17053,48.50778,26.17642
513,48.42688,26.12466,48.49447,26.07458
514,48.41676,26.13024,48.45506,26.0815
515,48.37028,26.06523,48.33808,26.1495
516,48.37923,26.11169,48.32278,26.12931
517,50.87604,34.84287,50.90621,34.7106
518,50.90181,34.85388,51.00149,34.79617
519,50.89196,34.72326,50.90278,34.79696
520,50.84159,34.73653,50.92517,34.79196
521,50.91752,34.86979,50.87977,34.83577
522,50.89895,34.79475,50.80925,34.84161
523,50.91299,34.9281,50.92712,34.83917
524,50.86427,34.82626,50.92221,34.81728
525,50.92349,34.81823,50.92552,34.82079
526,50.89602,34.7831,50.87198,34.75333
527,50.90378,34.82631,50.89179,34.84433
528,50.84148,34.78329,50.87137,34.76945
529,50.8599,34.75997,50.7965,34.86746
530,50.9256,34.85763,50.89349,34.93245
531,50.84158,34.90194,50.99833,34.75997
532,50.86552,34.71797,50.86169,34.84291
533,50.89431,34.85142,50.7575,34.80776
534,50.85201,34.8219,50.97156,34.89487
535,50.78247,34.75746,50.88382,34.78112
536,50.81111,34.72498,50.80529,34.76171
537,50.76346,34.76451,50.82993,34.70411
538,50.82187,34.72551,50.81202,34.80117
539,50.78258,34.75701,50.88366,34.67213
540,50.86536,34.73622,50.87638,34.65046
541,50.78494,34.67503,50.77366,34.66706
542,50.82602,34.71524,50.86721,34.72825
543,51.17595,33.88586,51.27518,33.84101
544,51.19297,33.78317,51.13927,33.77746
545,51.13467,33.81226,51.1451,33.8216
546,51.17937,33.82974,51.2057,33.81281
547,51.24243,33.77026,51.22049,33.84877
548,51.1897,33.78743,51.25126,33.84657
549,51.23864,33.78136,51.24409,33.79065
550,51.12191,33.78873,51.07306,33.82051
551,51.16209,33.88465,51.21246,33.87404
552,51.24281,33.79164,51.14946,33.7461
553,51.18808,33.73531,51.16845,33.82978
554,51.25462,33.88054,50.97298,33.92643
555,51.16098,33.86017,51.10914,33.78388
556,51.92305,33.57425,51.99413,33.49069
557,51.85869,33.49124,51.94529,33.49657
558,51.90157,33.54053,51.99116,33.49614
559,51.92399,33.5795,51.9426,33.51279
560,51.86744,33.58121,51.88786,33.57452
561,51.92723,33.53093,51.91293,33.4295
562,51.82197,33.56521,52.0177,33.60796
563,51.95269,33.60783,51.92233,33.53551
564,47.84228,35.17212,47.86869,35.08022
565,47.90131,35.19192,47.7735,35.2101
566,47.88681,35.11028,47.77922,35.13538
567,47.84315,35.14537,47.83986,35.13632
568,47.86923,35.15652,47.81131,35.13779
569,47.79293,35.08798,47.90707,35.17026
570,47.84019,35.19082,47.88683,35.2064
571,47.81101,35.1571,47.78204,35.27019
572,47.86397,35.13181,47.80944,35.04755
573,47.80873,35.16306,47.91153,35.10905
574,47.83736,35.16367,47.91377,35.0737
575,47.844,35.13854,47.7914,35.22565
576,47.8797,35.11104,47.81268,35.10979
577,47.85732,35.10641,47.82642,35.1625
578,47.85406,35.10347,47.84601,35.20038
579,47.8954,35.10994,47.75757,35.10497
580,47.80685,35.14407,47.90269,35.17313
581,47.89044,35.0896,47.8458,35.12183
582,47.8969,35.1464,47.85467,35.17159
583,47.88342,35.15458,47.91598,35.17289
584,47.83436,35.06576,47.908,35.1879
585,47.87156,35.16642,47.77465,35.14231
586,47.84847,35.13688,47.86937,35.2664
587,47.86894,35.08936,47.82252,35.11704
588,47.89688,35.1618,47.87439,35.13705
589,47.84481,35.13231,47.77098,35.18148
590,47.91607,35.05273,47.86872,35.09774
591,47.81554,35.14247,47.85036,35.06927
592,47.81025,35.16615,47.8056,35.17579
593,47.8311,35.15417,47.92056,35.07592
594,47.90357,35.15257,47.78032,35.18419
595,47.18809,35.32341,47.1541,35.30092
596,47.16831,35.24811,47.1329,35.32076
597,47.21867,35.31081,47.13308,35.3044
598,47.21035,35.32355,47.2548,35.40533
599,47.18811,35.33037,47.10521,35.3119
600,47.19596,35.28328,47.13446,35.3367
601,47.11357,35.32128,47.21255,35.46196
602,47.0605,35.34195,47.08947,35.33792
603,48.49212,34.59666,48.57779,34.628
604,48.52897,34.6034,48.55547,34.60268
605,48.5471,34.62938,48.53127,34.55297
606,48.5489,34.64574,48.57035,34.60753
607,48.49028,34.62262,48.57938,34.5097
608,48.53548,34.59634,48.62429,34.7127
609,48.57027,34.58654,48.56419,34.59275
610,48.51414,34.60831,48.61082,34.5153
611,47.60033,35.76974,47.59037,35.74012
612,47.5873,35.80314,47.63843,35.79653
613,47.55473,35.79785,47.69522,35.75789
614,47.56623,35.73971,47.56339,35.85333
615,47.57147,35.7249,47.54427,35.77258
616,47.53518,35.72105,47.5363,35.78412
617,47.5247,35.77102,47.52316,35.68518
618,47.58643,35.82626,47.55139,35.89117
619,47.55891,35.77999,47.55767,35.79496
620,47.58001,35.74353,47.55051,35.71733
621,47.55212,35.7782,47.53909,35.7321
622,47.50255,35.81194,47.55051,35.77357
623,46.82655,35.42508,46.81139,35.28098
624,46.83473,35.37883,46.89017,35.29708
625,46.88552,35.26133,46.87741,35.40009
626,46.89647,35.33587,46.78922,35.36078
627,46.86441,35.35877,46.84521,35.2743
628,46.83012,35.41112,46.80841,35.3738
629,46.96206,35.3819,46.88708,35.31792
630,46.81912,35.39428,46.86457,35.38683
631,46.88184,35.41366,46.75092,35.35016
632,46.84027,35.34766,46.84023,35.32731
633,46.88477,35.33815,46.95448,35.37426
634,46.89489,35.4109,46.80932,35.43183
635,46.88086,35.39351,46.78347,35.29387
636,46.842,35.29967,46.82101,35.31295
637,49.57514,34.57093,49.62078,34.66288
638,49.60431,34.55332,49.57008,34.60278
639,49.62287,34.57909,49.64032,34.53259
640,49.57339,34.54694,49.61212,34.5288
641,49.61625,34.58998,49.56968,34.49529
642,49.56965,34.53415,49.57751,34.57901
643,49.61142,34.55515,49.55182,34.58779
644,49.54187,34.52277,49.61068,34.49109
645,49.61728,34.51636,49.56564,34.48136
646,49.62004,34.57765,49.5632,34.5502
647,49.69408,34.5803,49.76589,34.50156
648,49.644,34.48952,49.50557,34.51507
649,49.86761,34.73074,49.96387,34.66687
650,49.91218,34.65753,49.89991,34.7149
651,49.8847,34.63227,49.87065,34.69302
652,49.89244,34.71038,49.80652,34.6408
653,49.98677,34.79108,49.8,34.68334
654,49.92366,34.63925,49.91713,34.58623
655,49.90703,34.72628,49.89287,34.69865
656,49.90891,34.72194,49.95723,34.69524
657,49.86611,34.73332,49.98925,34.63928
658,49.93903,34.70883,49.87371,34.66938
659,49.90525,34.78032,49.85423,34.78425
660,49.8983,34.69164,49.9147,34.7089
661,49.10935,33.7532,49.13561,33.67455
662,49.21726,33.67323,49.24794,33.74348
663,49.16128,33.7639,49.1758,33.77108
664,49.16103,33.83334,49.11669,33.75425
665,49.17824,33.80373,49.13064,33.77305
666,49.20701,33.68161,49.19038,33.74743
667,49.13832,33.75113,49.10703,33.73596
668,49.22145,33.78246,49.13363,33.7326
669,49.07637,33.68943,49.25616,33.62666
670,49.20307,33.69679,49.18384,33.66971
671,49.13653,33.71106,49.17006,33.70459
672,49.83244,33.28973,49.73851,33.2579
673,49.70636,33.23457,49.77599,33.21189
674,49.77662,33.26717,49.70891,33.18205
675,49.82176,33.17198,49.86197,33.23648
676,49.7648,33.27494,49.753,33.15172
677,49.78504,33.19793,49.76542,33.26988
678,49.76239,33.28919,49.76177,33.21468
679,49.7298,33.28113,49.72181,33.253
680,49.83168,33.21319,49.75198,33.29099
681,49.75926,33.27243,49.81573,33.28784
682,49.85473,33.21515,49.77673,33.22869
683,49.79385,33.28049,49.82927,33.35336
684,49.7864,33.26276,49.81391,33.26981
685,49.07175,33.39185,49.12265,33.34417
686,49.07865,33.46235,49.01442,33.38429
687,49.10135,33.49469,49.09182,33.46884
688,49.15394,33.37513,48.99783,33.40761
689,49.03462,33.43461,49.09723,33.42034
690,49.03461,33.34118,49.05794,33.51206
691,49.11581,33.41131,49.11291,33.4162
692,49.08328,33.40706,49.06337,33.47176
693,49.1354,33.41796,49.01317,33.48954
694,49.11002,33.42749,49.09787,33.42419
695,49.08434,33.4073,49.08952,33.43017
696,50.71613,25.30426,50.82084,25.32377
697,50.65929,25.38129,50.76856,25.27703
698,50.74683,25.38772,50.73918,25.3395
699,50.72713,25.2828,50.74834,25.32604
700,50.70066,25.34683,50.64338,25.28833
701,50.7829,25.27318,50.71011,25.33432
702,50.81365,25.30517,50.70718,25.31446
703,50.71981,25.26821,50.74475,25.34726
704,50.77383,25.33075,50.74954,25.26473
705,50.77732,25.34103,50.75461,25.49611
706,50.76398,25.30059,50.71824,25.32547
707,50.73246,25.33385,50.76656,25.30819
708,50.78816,25.34057,50.72357,25.40339
709,50.74216,25.39955,50.78725,25.49969
710,50.7643,25.34048,50.8624,25.37925
711,50.79799,25.39062,50.74276,25.41787
712,50.748,25.38748,50.80342,25.43295
713,50.74905,25.37186,50.76777,25.37718
714,50.80858,25.38307,50.76889,25.43393
715,50.76794,25.35645,50.77654,25.45387
716,50.73844,25.40991,50.69057,25.3967
717,50.83767,25.37905,50.77973,25.30865
718,51.05699,25.36739,50.97136,25.37552
719,50.98763,25.38818,51.04662,25.33487
720,51.08548,25.37445,51.08191,25.45986
721,51.07598,25.40393,51.00343,25.42665
722,51.07446,25.42613,51.02192,25.42505
723,50.99752,25.33307,51.10709,25.44293
724,51.01445,25.37187,51.02575,25.41175
725,51.16877,25.41643,50.93656,25.41383
726,51.01457,25.39313,51.08563,25.31802
727,51.2288,24.65545,51.28532,24.80152
728,51.21432,24.73747,51.24033,24.72823
729,51.28017,24.61842,51.25955,24.73807
730,51.2809,24.75945,51.21103,24.72323
731,51.23713,24.69234,51.21314,24.81301
732,51.28307,24.70648,51.23645,24.65219
733,51.25924,24.74541,51.19569,24.7107
734,51.31381,24.69492,51.26936,24.73915
735,46.41826,30.66856,46.44324,30.64706
736,46.51468,30.65737,46.41095,30.77167
737,46.4882,30.68935,46.40773,30.80145
738,46.48959,30.66382,46.43734,30.63538
739,46.42874,30.77816,46.41441,30.61912
740,46.51146,30.67693,46.48289,30.69288
742,46.33113,30.68787,46.47902,30.7221
743,46.46268,30.77237,46.48436,30.75369
744,46.44767,30.71445,46.44291,30.68199
745,46.48468,30.73828,46.4114,30.70027
746,46.34368,30.67492,46.45101,30.75397
747,46.48393,30.72739,46.36931,30.68568
748,46.45112,30.7117,46.47789,30.67693
749,46.49482,30.74969,46.44434,30.82489
750,46.55348,30.73501,46.44854,30.64953
751,46.40317,30.744,46.53798,30.64062
752,46.54528,30.76022,46.44164,30.70043
753,46.48369,30.69778,46.42922,30.64005
754,46.52465,30.71679,46.47217,30.69503
755,46.4664,30.79957,46.39703,30.69063
756,46.5078,30.75161,46.46264,30.66337
757,46.43696,30.79648,46.45885,30.67452
758,46.46386,30.73281,46.52097,30.79258
759,46.47215,30.65976,46.45092,30.6714
760,46.45885,30.65355,46.3845,30.73182
761,46.48753,30.73196,46.47051,30.66168
762,46.37187,30.72556,46.38876,30.63264
763,46.54203,30.64587,46.50432,30.77804
764,46.43744,30.71288,46.44736,30.73086
765,46.50136,30.70451,46.42043,30.76453
766,46.43256,30.70625,46.4642,30.77022
767,46.54484,30.8271,46.61199,30.85585
768,46.60175,30.86687,46.63504,30.94295
769,46.61117,30.86193,46.4103,30.82207
770,46.61979,30.8686,46.58321,30.74157
771,46.60076,30.84362,46.63423,30.89297
772,46.51672,30.82534,46.53222,30.84231
773,46.56242,30.89752,46.55098,30.97398
774,46.59283,30.83718,46.60482,30.89511
775,46.57823,30.88116,46.51188,30.83778
776,46.56559,30.89503,46.57578,30.82347
777,46.52349,30.85979,46.5214,30.87799
778,46.55547,30.87467,46.59114,30.7149
779,46.59583,30.83042,46.55866,30.83798
780,46.55878,30.86323,46.61609,30.86324
781,46.59363,30.84145,46.56687,30.88412
782,46.18597,30.33025,46.16874,30.27232
783,46.16292,30.30329,46.15859,30.35925
784,46.07524,30.3622,46.22107,30.29341
785,46.12046,30.37107,46.13852,30.37241
786,46.20321,30.31023,46.14697,30.37243
787,46.17638,30.2525,46.2028,30.2866
788,46.15342,30.28159,46.19799,30.30481
790,46.20704,30.34969,46.1752,30.36409
791,46.12039,30.27439,46.09619,30.30104
792,46.11709,30.31707,46.22598,30.24723
793,46.18594,30.29253,46.07661,30.25136
794,46.19946,30.23338,46.05964,30.24132
795,46.17072,30.32398,46.20352,30.35243
796,46.15929,30.37424,46.1892,30.27403
797,45.3281,28.95164,45.3397,28.90612
798,45.33588,28.82439,45.31868,28.79508
799,45.43551,28.81664,45.26163,28.82258
800,45.40191,28.92096,45.37564,28.89679
801,45.29697,28.84759,45.42069,28.8378
802,45.43169,28.8665,45.43087,28.84921
803,45.32185,28.78926,45.37975,28.84569
804,45.34715,28.83198,45.31383,28.80938
805,45.31767,28.85404,45.29496,28.83305
806,45.4092,28.79411,45.38765,28.91358
807,45.29247,28.85777,45.33712,28.8912
808,46.49677,30.25985,46.52513,30.16949
809,46.47707,30.18581,46.42329,30.17962
810,46.51331,30.15117,46.45579,30.21543
811,46.52744,30.16456,46.48705,30.09245
812,46.43827,30.22905,46.41006,30.23605
813,46.50245,30.23772,46.46134,30.22567
814,46.48834,30.25343,46.39376,30.24205
815,46.48228,30.22809,46.42062,30.27345
816,46.4988,30.19175,46.4678,30.24395
817,46.54466,30.18088,46.4627,30.23089
818,46.52364,30.24274,46.56333,30.15522
819,46.44471,30.16199,46.49231,30.22828
820,46.51627,30.22441,46.4902,30.20016
821,49.61281,25.62004,49.55078,25.52074
822,49.58139,25.59801,49.51558,25.66491
823,49.48492,25.62501,49.53822,25.53284
824,49.36962,25.59756,49.61605,25.57116
825,49.5669,25.64482,49.5537,25.59884
826,49.59595,25.59157,49.55277,25.58775
827,49.52359,25.60135,49.44783,25.59042
828,49.47871,25.56568,49.54875,25.62976
829,49.43063,25.64396,49.46213,25.61592
830,49.50611,25.63234,49.54672,25.61856
831,49.5012,25.60146,49.5131,25.63538
832,49.50407,25.61375,49.5185,25.65864
833,49.44316,25.63507,49.53786,25.66112
834,49.45913,25.61799,49.52523,25.6356
835,49.53277,25.61126,49.54035,25.68077
836,49.47914,25.65056,49.49667,25.58503
837,49.46886,25.6116,49.56894,25.70614
838,49.563,25.69461,49.56145,25.73134
839,48.8465,25.75549,48.86484,25.72556
840,48.78685,25.78205,48.91426,25.71426
841,48.85715,25.71089,48.91556,25.70073
842,48.82377,25.71541,48.86243,25.70579
843,48.79351,25.75938,48.85475,25.71051
844,48.82248,25.71453,48.99908,25.72829
845,49.6419,25.73288,49.58667,25.75453
846,49.73381,25.76489,49.54024,25.73691
847,49.59029,25.68373,49.52775,25.75532
848,49.67038,25.678,49.72929,25.75754
849,49.59586,25.69416,49.61472,25.72088
850,49.63349,25.76272,49.61312,25.77459
851,49.58827,25.75005,49.57154,25.71063
852,49.59472,25.70403,49.72092,25.66631
853,49.62534,25.6647,49.63501,25.80751
854,49.60116,25.72791,49.70487,25.68873
855,49.33784,25.63218,49.35954,25.65905
856,49.29297,25.74877,49.33659,25.73781
857,49.34461,25.68752,49.33443,25.63236
858,49.34027,25.69958,49.27545,25.65206
859,49.35378,25.6924,49.36492,25.72567
860,49.39956,25.72803,49.3595,25.73735
861,49.35048,25.70775,49.34417,25.68161
862,49.33598,25.75566,49.26754,25.66366
863,46.46354,30.72488,46.428,30.67137
864,46.47167,30.68663,46.38628,30.68672
865,46.44503,30.67995,46.35623,30.74681
866,46.54151,30.73584,46.5111,30.66495
867,46.44262,30.67782,46.47982,30.67169
868,46.40975,30.70362,46.43276,30.75323
869,46.49337,30.6447,46.41909,30.77662
870,46.39143,30.63438,46.43748,30.66078
871,48.55124,32.1709,48.50223,32.17162
872,48.551,32.24321,48.48556,32.11007
873,48.5461,32.16845,48.52718,32.27153
874,48.53274,32.24925,48.51681,32.18275
875,48.45575,32.31412,48.53364,32.24215
876,48.57249,32.21072,48.50998,32.37552
877,48.56479,32.27014,48.54921,32.18975
878,48.52631,32.18734,48.49697,32.24734
879,48.57861,32.13774,48.46766,32.1867
880,48.5155,32.2249,48.43737,32.25877
881,48.54092,32.20052,48.51645,32.1999
882,48.55622,32.24407,48.50207,32.1564
883,48.42293,32.22034,48.55822,32.24725
884,48.09721,32.74678,48.07363,32.91703
885,48.02331,32.78138,48.14812,32.82537
886,48.14082,32.73897,48.12197,32.78224
887,48.13029,32.76255,48.01166,32.72505
888,48.10569,32.79085,48.15917,32.64087
889,48.12073,32.659,48.02599,32.79128
890,48.02847,32.75681,48.05551,32.84833
891,48.10075,32.74897,48.13145,32.6681
892,48.07032,32.76263,48.05333,32.78902
893,48.09548,32.71682,48.0162,32.76878
894,48.13565,32.7726,48.10647,32.75592
895,48.07481,32.86293,48.1521,32.77712
896,48.55074,32.38115,48.40477,32.43245
897,48.50008,32.40372,48.479,32.34523
898,48.51696,32.33941,48.451,32.42787
899,48.53255,32.40243,48.51854,32.49823
900,48.49985,32.41946,48.5508,32.40809
901,48.53485,32.51881,48.49309,32.35582
902,48.49345,32.43913,48.49382,32.48452
903,48.31663,31.15029,48.40707,31.07977
904,48.35444,31.17184,48.36676,31.25805
905,48.43716,31.09994,48.27181,31.11812
906,48.33737,31.17063,48.4242,31.10913
907,48.31106,31.16536,48.37442,31.21125
908,48.40624,31.16619,48.34265,31.19678
909,48.3379,31.18757,48.41658,31.15121
910,48.33393,31.18489,48.38833,31.15251
911,44.72754,33.90344,44.69378,33.87348
912,44.80261,33.91693,44.68132,33.83312
913,44.74804,33.86094,44.67974,33.85059
914,44.8249,33.77277,44.80482,33.8629
915,44.75664,33.82001,44.67458,33.90968
916,44.79475,33.86477,44.7507,33.77531
917,44.70441,33.8935,44.79583,33.85838
918,44.76083,33.91454,44.75163,33.87724
919,44.69746,33.86877,44.76427,33.86926
920,44.71907,33.88124,44.77151,33.86493
921,44.71779,33.84459,44.75278,33.84755
922,44.78738,33.83295,44.71593,33.81583
923,44.74717,33.90935,44.8072,33.76674
924,44.74948,33.51122,44.69953,33.51936
925,44.7824,33.5354,44.83539,33.52158
926,44.76531,33.4813,44.79758,33.4796
927,44.72434,33.55615,44.7187,33.44207
928,44.73919,33.52781,44.71292,33.60506
929,44.81865,33.51789,44.78679,33.58006
930,44.76425,33.50569,44.82204,33.43331
931,44.76152,33.5315,44.69118,33.44725
932,44.76692,33.53158,44.75557,33.53513
933,44.83935,33.47146,44.75999,33.49926
934,44.78059,33.5242,44.65215,33.45032
935,44.78322,33.55875,44.75829,33.46981
936,44.7382,33.44095,44.76968,33.56854
937,44.74454,33.50569,44.79739,33.43579
938,45.12653,34.22261,44.98835,34.253
939,45.08025,34.2812,45.077,34.2355
940,45.07394,34.23211,45.14549,34.1555
941,45.12482,34.15576,45.1163,34.1446
942,45.07345,34.18917,45.03037,34.20668
943,45.09119,34.14399,45.01896,34.20883
944,45.02008,34.21065,45.0029,34.16269
945,45.08072,34.19837,45.1165,34.22555
946,45.07125,34.16091,45.0431,34.25783
947,45.10501,34.18674,44.99532,34.17501
948,45.11073,34.21271,45.11877,34.12786
949,45.07776,34.17159,45.03151,34.21399
950,45.088,34.1653,44.96891,34.16767
951,45.30159,33.36803,45.24252,33.37838
952,45.21476,33.36421,45.20482,33.48672
953,45.21987,33.35755,45.26675,33.37323
954,45.24965,33.29448,45.30433,33.40432
955,45.25437,33.3711,45.27757,33.33409
956,45.2402,33.33372,45.26896,33.35321
957,45.26695,33.38328,45.32553,33.40629
958,45.25611,33.35096,45.20484,33.36733
959,45.23585,33.31902,45.27447,33.27803
960,45.24063,33.35842,45.25288,33.30302
961,45.22328,33.35102,45.29612,33.38688
962,45.22501,33.26266,45.25177,33.34304
963,45.21041,33.34147,45.28957,33.41747
964,45.21978,33.29142,45.29071,33.39479
965,45.23495,33.28369,45.2774,33.40686
966,45.47112,34.70088,45.44478,34.63226
967,45.32319,34.74259,45.40407,34.74397
968,45.41281,34.67106,45.35741,34.73571
969,45.41032,34.65833,45.49842,34.74736
970,45.42861,34.6132,45.3457,34.64583
971,45.48901,34.74375,45.43859,34.70082
972,45.41458,34.69299,45.37131,34.70904
973,45.43168,34.6778,45.44292,34.67778
974,45.4709,32.90473,45.51654,32.87156
975,45.47565,32.95763,45.53797,33.04403
976,45.50103,33.00604,45.4822,32.9511
977,45.48146,32.82334,45.50976,32.95433
978,45.46426,32.97606,45.54766,32.93563
979,45.41249,32.88542,45.35934,32.95282
980,45.53518,32.94106,45.44441,32.97924
981,45.52407,32.98013,45.46307,32.86555
982,45.4767,33.00639,45.42981,32.86297
983,45.55893,32.94145,45.50496,33.04013
984,44.68107,33.68698,44.63646,33.7072
985,44.7532,33.60956,44.62445,33.68628
986,44.63663,33.72577,44.69494,33.68594
987,44.66756,33.73689,44.71337,33.69296
988,44.72159,33.71852,44.65548,33.63804
989,44.66505,33.70222,44.71589,33.69492
990,44.65429,33.70456,44.66334,33.74461
991,44.66998,33.69427,44.73879,33.67894
992,44.62778,33.72158,44.6825,33.74394
993,44.72371,33.69584,44.66944,33.65943
994,45.56155,34.94983,45.62858,34.85923
995,45.56956,34.94513,45.60464,34.86036
996,45.56593,34.97743,45.60524,34.90734
997,45.55896,34.94439,45.56697,34.96034
998,45.54347,34.88252,45.54632,34.93976
999,45.59052,34.9028,45.52943,34.88593
1000,45.56297,34.94278,45.48046,34.91668
1001,45.56633,34.86574,45.54001,34.90172
1002,45.50026,34.90103,45.60892,35.03313
1003,45.62872,34.9603,45.54418,34.89638
1004,50.60703,26.24186,50.5847,26.28719
1005,50.61097,26.18946,50.59084,26.32222
1006,50.64303,26.28734,50.62251,26.26619
1007,50.53125,26.28594,50.57574,26.29499
1008,50.6691,26.24375,50.6171,26.33248
1009,50.57445,26.2258,50.60984,26.24054
1010,50.56005,26.18031,50.62325,26.18539
1011,50.58113,26.30327,50.6979,26.27366
1012,50.56778,26.16373,50.59256,26.11471
1013,50.66278,26.2573,50.57488,26.21349
1014,50.97271,26.72104,50.90882,26.71821
1015,50.97619,26.83324,50.98096,26.76583
1016,51.00689,26.77896,50.96321,26.77995
1017,50.91339,26.6755,51.0284,26.60797
1018,50.91368,26.73524,50.98991,26.80448
1019,51.02163,26.74144,51.03593,26.73583
1020,51.00633,26.65798,51.03564,26.72928
1021,51.01487,26.77929,51.02311,26.70362
1022,50.95433,26.80057,50.92239,26.83141
1023,50.98345,26.78996,50.95334,26.82129
1024,51.05962,26.77716,51.00504,26.66225
1025,50.45592,26.32005,50.50323,26.25123
1026,50.52369,26.242,50.4482,26.22013
1027,50.53092,26.3152,50.45694,26.28657
1028,50.48768,26.24125,50.51392,26.26963
1029,50.4554,26.32892,50.46212,26.15838
1030,50.44666,26.29858,50.56892,26.25373
1031,50.5416,26.25844,50.39569,26.32903
1032,50.47203,26.25612,50.43824,26.23178
1033,50.47157,26.26971,50.53582,26.31006
1034,50.53145,26.26754,50.57935,26.17435
1035,50.49386,26.27979,50.59597,26.2764
1036,50.31487,26.57849,50.28288,26.4801
1037,50.3744,26.64737,50.3791,26.62571
1038,50.33205,26.58292,50.26174,26.59208
1039,50.28502,26.57357,50.34747,26.57079
1040,50.39895,26.59122,50.28697,26.66404
1041,50.32907,26.5808,50.34704,26.5766
1042,50.40499,26.58051,50.33661,26.66592
1043,50.40772,26.59317,50.46009,26.58271
1044,50.35711,26.5734,50.48226,26.60196
1045,50.3765,26.57106,50.33864,26.60492
1046,50.31078,26.51692,50.35738,26.5549
1047,50.00498,36.30537,50.04735,36.25859
1048,50.00431,36.32244,50.064,36.27522
1049,50.01274,36.32678,49.96739,36.23388
1050,50.04581,36.3467,49.92491,36.3105
1051,49.96228,36.33666,49.96821,36.27336
1052,49.94347,36.26189,49.97913,36.31283
1053,49.9934,36.32635,49.99865,36.32991
1054,50.03089,36.30757,49.98845,36.24771
1055,49.9957,36.22641,49.95662,36.28767
1056,49.97297,36.3507,49.99945,36.31287
1057,50.02275,36.23643,50.03693,36.34949
1058,49.93018,36.33839,49.99849,36.27981
1059,49.98533,36.29251,49.91834,36.13694
1060,49.91809,36.28856,50.02421,36.28916
1061,49.98122,36.38177,50.01645,36.29049
1062,49.97435,36.3526,49.97606,36.25137
1063,49.73414,36.40819,49.67973,36.47244
1064,49.70921,36.34077,49.63716,36.43961
1065,49.74805,36.38457,49.8311,36.28785
1066,49.73433,36.36518,49.6553,36.28279
1067,49.70604,36.37495,49.77673,36.42735
1068,49.71278,36.47993,49.72011,36.36109
1069,49.70191,36.3601,49.73944,36.49948
1070,49.70587,36.41039,49.72406,36.25684
1071,49.67939,36.35339,49.72875,36.26613
1072,49.651,36.35644,49.6724,36.33494
1073,49.76914,36.37361,49.70851,36.44654
1074,49.99162,36.37839,50.02259,36.32734
1075,50.03513,36.31403,50.02881,36.28243
1076,50.02901,36.24842,49.90547,36.21439
1077,49.98102,36.31997,49.92658,36.3179
1078,50.11073,36.29003,49.97189,36.32602
1079,49.93829,36.28072,50.00696,36.29342
1080,49.9903,36.19747,50.01383,36.27506
1081,50.01266,36.20356,50.01005,36.20266
1082,50.06451,36.27907,50.00821,36.31657
1083,50.00469,36.23636,49.98428,36.25957
1084,49.96162,36.26222,50.033,36.31317
1085,49.9811,36.24479,49.95371,36.23708
1086,50.00291,36.25647,50.0304,36.26565
1087,49.95787,36.25807,49.97123,36.20484
1088,49.99918,36.28787,49.94784,36.28221
1089,50.03246,36.36481,50.00936,36.33936
1090,49.99702,36.29684,49.99666,36.33134
1091,49.98621,36.36821,49.98684,36.26226
1092,50.01693,36.27187,50.00115,36.36499
1093,49.93776,36.26676,50.00159,36.29694
1094,49.99791,36.29609,50.01044,36.30029
1095,50.01184,36.26065,49.98307,36.34955
1096,49.97004,36.34968,50.0022,36.29591
1097,50.01647,36.31076,50.01791,36.248
1098,50.01461,36.25005,50.05659,36.33609
1099,50.03824,36.42174,49.9488,36.41408
1100,50.0278,36.2911,50.05207,36.34758
1102,49.94387,36.27225,49.97783,36.19543
1103,49.92548,36.26814,49.98992,36.1695
1104,49.95277,36.29019,49.95143,36.31281
1105,50.02708,36.29053,50.03651,36.24374
1106,49.95316,36.236,50.01574,36.2304
1107,50.07002,36.27415,50.05164,36.2592
1108,49.9323,36.28559,49.99998,36.3499
1109,50.04229,36.28071,50.06788,36.30552
1110,49.99075,36.28125,49.9931,36.26159
1111,50.05223,36.30709,49.95472,36.24132
1112,49.94445,36.22065,50.05033,36.35518
1113,50.0537,36.27953,49.92025,36.31326
1114,50.03276,36.26281,49.98628,36.26887
1115,50.01817,36.252,49.96848,36.33552
1116,49.48801,36.86655,49.41286,36.90686
1117,49.4928,36.83445,49.46574,36.93202
1118,49.46644,36.88849,49.40641,36.91584
1119,49.49059,36.91531,49.42495,36.81538
1120,49.47456,36.85206,49.48517,36.89322
1121,49.40496,36.9278,49.52746,36.87715
1122,49.44802,36.86996,49.4356,36.77532
1123,49.4221,36.96008,49.41137,36.94343
1124,49.4876,36.81923,49.55412,36.84156
1125,49.45967,36.83589,49.46448,36.85179
1126,49.49352,36.82082,49.51297,36.8952
1127,49.46359,36.86775,49.33875,36.89479
1128,49.47408,36.92702,49.4267,36.83026
1129,49.39679,36.89227,49.4483,36.78562
1130,50.31664,35.94265,50.28207,36.02348
1131,50.29897,35.99436,50.29015,36.01746
1132,50.29132,35.95838,50.29282,35.89631
1133,50.27029,36.05097,50.27265,36.04666
1134,50.2542,35.92873,50.21189,35.90116
1135,50.27941,36.03815,50.2781,35.97424
1136,50.25984,35.974,50.25771,36.03111
1137,50.24286,36.02985,50.31716,35.93032
1138,50.25664,35.96665,50.28643,35.98955
1139,50.3472,35.91893,50.24671,35.94197
1140,50.25791,35.99522,50.31936,36.02492
1141,50.29356,36.00808,50.2188,35.94416
1142,50.28923,35.94051,50.36698,35.88617
1143,50.22057,35.95539,50.24613,35.88892
1144,50.37907,35.98404,50.35522,35.92427
1145,50.25146,35.96283,50.31744,35.92897
1146,50.26026,35.8765,50.32193,35.99485
1147,50.29415,35.96477,50.34396,36.00528
1148,49.87196,36.59061,49.9518,36.54785
1149,49.8645,36.62497,49.85879,36.49252
1150,49.92516,36.62384,49.87513,36.52417
1151,49.90467,36.54818,49.82426,36.60771
1152,49.83812,36.66959,49.90686,36.63532
1153,49.93508,36.58591,49.91348,36.51612
1154,49.87427,36.66593,49.92673,36.59496
1155,49.91382,36.59048,49.8822,36.57273
1156,49.86924,36.65935,49.92832,36.55357
1157,49.97404,36.62013,49.88425,36.61271
1158,49.93362,36.62188,49.88869,36.56205
1159,48.87675,24.63361,48.87063,24.69666
1160,48.80264,24.69221,48.87133,24.62691
1161,48.83057,24.58666,48.82979,24.62846
1162,48.86168,24.63376,48.79375,24.57923
1163,48.89528,24.64336,48.8328,24.71267
1164,48.84882,24.69489,48.80165,24.65137
1165,48.90699,24.70841,48.88836,24.69667
1166,48.84992,24.64283,48.81693,24.62122
1167,48.79731,24.60446,48.79867,24.63787
1168,48.73188,24.68325,48.80586,24.62526
1169,48.90603,24.68666,48.88333,24.75617
1170,48.95582,24.75875,48.93485,24.73012
1171,48.95666,24.70381,48.94536,24.74313
1172,48.90218,24.77087,48.88257,24.68127
1173,48.92099,24.7234,48.88824,24.73068
1174,48.84941,24.71469,48.88045,24.76666
1175,48.92926,24.73754,48.91058,24.71334
1176,48.91637,24.68487,48.84811,24.66507
1177,48.93135,24.70419,48.94529,24.64158
1178,48.53569,24.527,48.46392,24.55409
1179,48.56407,24.58399,48.48553,24.64027
1180,48.5255,24.5661,48.46718,24.63658
1181,48.49123,24.57872,48.56334,24.52316
1182,48.49262,24.56482,48.61416,24.61363
1183,48.5633,24.59192,48.43745,24.58245
1184,48.55765,24.61262,48.52948,24.58429
1185,48.61553,24.59069,48.56235,24.65831
1186,48.97414,24.32544,49.02019,24.3575
1187,49.0727,24.39148,48.99923,24.34805
1188,48.97531,24.39937,49.1109,24.36709
1189,48.99328,24.29676,48.90978,24.36367
1190,49.06813,24.32434,49.04146,24.38036
1191,49.19043,24.36556,49.03335,24.3972
1192,49.07274,24.39018,49.03841,24.37043
1193,48.29556,24.87463,48.32203,24.87708
1194,48.31733,24.78115,48.25194,24.80597
1195,48.30096,24.82493,48.31701,24.93735
1196,48.28758,24.8348,48.33233,24.79843
1197,48.32008,24.84203,48.38372,24.79788
1198,48.30514,24.79321,48.27716,24.88955
1199,48.34624,24.86453,48.30275,24.77534
1200,48.40326,24.75277,48.32703,24.90811
1201,48.30837,24.81317,48.25521,24.89979
1202,48.77921,24.44205,48.83375,24.54908
1203,48.87729,24.44835,48.78331,24.50712
1204,48.85945,24.48954,48.7717,24.42868
1205,48.86835,24.46777,48.71879,24.55173
1206,48.84732,24.51433,48.78279,24.45785
1207,48.77688,24.47128,48.88253,24.56242
1208,48.8755,24.47373,48.81167,24.43219
1209,48.80622,24.48008,48.85543,24.47382
1210,48.8451,24.47009,48.83977,24.49677
1211,48.89584,24.50374,48.82132,24.35389
1212,49.80156,24.02973,49.79514,24.18612
1213,49.8138,24.11133,49.7265,23.97302
1214,49.81446,23.99417,49.88514,24.02157
1215,49.78911,24.04096,49.87546,24.03471
1216,49.84396,23.99127,49.86338,24.07321
1217,49.86705,23.96885,49.80707,24.00387
1218,49.85337,24.02085,49.83463,24.12004
1219,49.82595,23.93218,49.85325,23.9742
1220,49.86772,23.99522,49.79432,24.03166
1221,49.83915,24.01489,49.83669,24.05765
1222,49.83525,24.01409,49.81033,24.0288
1223,49.81473,23.98827,49.8585,24.07773
1224,49.85399,23.99139,49.81107,23.93424
1225,49.83627,24.05591,49.82851,24.04435
1226,49.85593,24.07573,49.80222,23.95199
1227,49.84032,23.98814,49.86916,24.0552
1228,49.79823,24.02422,49.80597,24.01178
1229,49.8356,23.975,49.84262,24.02401
1230,49.86134,24.0037,49.85352,23.98812
1231,49.83873,24.04366,49.79524,24.03094
1232,49.88146,24.03077,49.90191,24.00219
1233,49.75339,24.03345,49.85163,23.959
1234,49.80571,23.98873,49.80936,24.0714
1235,49.88198,24.05345,49.83914,24.04877
1236,49.81962,24.04597,49.82645,24.01225
1237,49.78957,24.00438,49.78561,24.02726
1238,49.79664,23.97885,49.85012,24.10961
1239,49.97292,24.03695,49.8912,24.00957
1240,49.3485,23.87227,49.24507,23.78325
1241,49.28775,23.77324,49.25534,23.86623
1242,49.2822,23.87642,49.20173,23.86091
1243,49.26365,23.86289,49.3043,23.83205
1244,49.22697,23.82481,49.31192,23.87087
1245,49.29624,23.89387,49.16571,23.8546
1246,49.20634,23.81238,49.22853,23.83693
1247,49.23095,23.87294,49.22047,23.96486
1248,49.23977,23.84859,49.2692,23.8849
1249,49.22675,23.85221,49.20224,23.88053
1250,49.25057,23.85325,49.25374,23.76894
1251,49.34617,23.85565,49.36919,23.83746
1252,49.21107,23.87847,49.27153,23.83538
1253,49.27012,23.86014,49.32393,23.77005
1254,49.27668,23.7883,49.26951,23.86213
1255,49.25309,23.86812,49.22917,23.80936
1256,49.21797,23.86857,49.29741,23.89369
1257,49.01425,23.22574,48.92561,23.23579
1258,48.98793,23.07372,48.90927,23.20502
1259,48.87942,23.15941,48.96997,23.12201
1260,48.94667,23.11781,48.98504,23.13398
1261,48.92354,23.18097,48.95955,23.21131
1262,48.92385,23.11877,48.87748,23.15439
1263,48.90422,23.19471,48.96975,23.18707
1264,48.97677,23.18744,49.03901,23.1274
1265,48.99945,23.17282,48.94941,23.22565
1266,48.93505,23.24435,48.93783,23.13821
1267,48.95526,23.1004,48.99002,23.18683
1268,48.93996,23.14685,48.94455,23.14627
1269,48.96654,23.23835,48.84779,23.22702
1270,48.94621,23.20392,48.9356,23.1446
1271,49.43961,22.97412,49.51468,22.94209
1272,49.38136,22.87258,49.49275,22.86443
1273,49.49875,22.94093,49.46226,22.88151
1274,49.46108,22.89444,49.38427,22.89016
1275,49.44513,22.87458,49.4179,22.8509
1276,49.42621,22.81469,49.59203,22.91044
1277,49.41751,22.86827,49.46219,22.93349
1278,49.54946,22.85765,49.43503,23.01746
1279,49.43044,22.88704,49.41128,22.89901
1280,49.46769,22.82987,49.35994,22.9241
1281,49.4332,22.92499,49.40399,22.89943
1282,49.37936,22.89685,49.46656,22.91224
1283,49.52256,22.88928,49.44191,22.84866
1284,49.61693,24.32441,49.61747,24.35575
1285,49.62334,24.40748,49.62037,24.32631
1286,49.60662,24.36991,49.58038,24.43051
1287,49.61216,24.35726,49.58472,24.31995
1288,49.62825,24.36517,49.59293,24.29651
1289,49.72667,24.35688,49.721,24.31996
1290,49.66799,24.34131,49.69717,24.40015
1291,49.60203,24.35832,49.53402,24.44156
1292,49.58307,24.38269,49.57549,24.32356
1293,49.63428,24.33525,49.58935,24.34699
1294,49.63382,24.43661,49.57722,24.3202
1295,49.66729,24.3587,49.64316,24.37886
1296,49.68113,24.3334,49.65096,24.23724
1297,49.83027,23.51074,49.77523,23.56446
1298,49.83883,23.58566,49.88574,23.48216
1299,49.74572,23.51486,49.82118,23.56771
1300,49.81498,23.57384,49.82271,23.46966
1301,49.82032,23.51507,49.89351,23.54248
1302,49.8253,23.45592,49.68649,23.50426
1303,49.79039,23.54144,49.85225,23.602
1304,49.87221,23.53024,49.85726,23.51564
1305,49.85856,23.53455,49.88886,23.44957
1306,49.80529,23.59143,49.74087,23.48629
1307,49.80981,23.48815,49.84227,23.50927
1308,49.79527,23.44375,49.67829,23.56071
1309,49.1772,28.49156,49.27207,28.51241
1310,49.29755,28.47157,49.27507,28.45922
1311,49.26335,28.42633,49.28178,28.41716
1312,49.23436,28.47785,49.17577,28.4406
1313,49.23406,28.48849,49.27281,28.4323
1314,49.19305,28.43382,49.19914,28.5051
1315,49.21029,28.48232,49.26485,28.40108
1316,49.27762,28.50722,49.28993,28.40452
1317,49.20391,28.40013,49.24168,28.45875
1318,49.22675,28.50532,49.1908,28.3852
1319,49.22694,28.43696,49.2817,28.57587
1320,49.20352,28.52818,49.30882,28.47854
1321,49.20535,28.48923,49.15588,28.46517
1322,49.21367,28.50484,49.22836,28.37525
1323,49.18588,28.49513,49.20818,28.44136
1324,49.08423,28.01364,48.97454,28.1151
1325,49.07888,28.08092,48.97841,28.12088
1326,49.0096,28.11234,48.96301,28.00964
1327,48.98859,28.09024,48.94443,28.03998
1328,49.08493,28.11804,49.1143,27.9972
1329,48.98544,28.09683,48.99902,28.16003
1330,49.06247,28.09895,49.04472,27.99166
1331,49.04813,28.07479,48.99847,28.03938
1332,49.01185,28.11599,49.06316,28.15275
1333,49.04367,28.10284,48.99402,28.12798
1334,48.96711,28.0683,49.07006,27.99167
1335,49.37102,28.56499,49.39518,28.57765
1336,49.4305,28.51814,49.42658,28.60052
1337,49.30484,28.53662,49.48421,28.54567
1338,49.42834,28.57317,49.40953,28.55787
1339,49.42337,28.53663,49.31447,28.54116
1340,49.49154,28.48057,49.31804,28.57849
1341,49.38666,28.58083,49.30534,28.53047
1342,49.38174,28.54119,49.44236,28.48002
1343,49.43697,28.57976,49.32823,28.59368
1344,49.39493,28.62765,49.41764,28.57016
1345,49.41069,28.51318,49.33525,28.6162
1346,49.38456,28.56891,49.4501,28.63487
1347,49.47329,28.54413,49.35506,28.52778
1348,49.43789,28.56322,49.30532,28.66077
1349,49.46166,28.57443,49.40464,28.58319
1350,49.31553,28.52452,49.39434,28.535
1351,49.1461,29.07792,49.19946,29.02692
1352,49.26089,29.04232,49.2373,28.96366
1353,49.19309,29.09046,49.19157,29.12046
1354,49.208,29.09869,49.19867,29.05055
1355,49.2176,29.07172,49.17692,29.08159
1356,49.19884,29.05824,49.26582,29.12825
1357,48.2847,29.73985,48.3348,29.73547
1358,48.32463,29.71426,48.30458,29.76224
1359,48.40345,29.73862,48.36526,29.70988
1360,48.30288,29.71559,48.43933,29.71254
1361,48.41923,29.74853,48.36746,29.72606
1362,48.38159,29.78312,48.36298,29.74946
1363,48.36514,29.74055,48.40459,29.76739
1364,48.36659,29.77173,48.34722,29.86053
1365,48.34228,29.81485,48.41409,29.73456
1366,48.35353,29.80872,48.36534,29.80636
1367,48.31739,29.7629,48.40327,29.79666
1368,48.38471,29.71125,48.33673,29.72445
1369,48.36156,29.7192,48.38182,29.78448
1370,48.30494,29.82763,48.35511,29.64641
1371,48.36982,29.72386,48.36059,29.73468
1372,48.34536,29.71081,48.40607,29.75208
1373,48.54848,39.30753,48.59059,39.34852
1374,48.57717,39.32011,48.51961,39.43158
1375,48.60335,39.34874,48.53427,39.33984
1376,48.53678,39.34894,48.4999,39.29335
1377,48.54819,39.28003,48.54981,39.31726
1378,48.53786,39.31012,48.63211,39.39876
1379,48.55117,39.2339,48.61306,39.39601
1380,48.52039,39.2458,48.62433,39.38171
1381,48.58173,39.33536,48.62326,39.42502
1382,48.5518,39.35739,48.57434,39.32264
1383,48.58929,39.37221,48.51304,39.37403
1384,48.58085,39.35611,48.51586,39.27989
1385,48.64087,39.34775,48.59303,39.40947
1386,48.54954,39.35028,48.67077,39.39418
1387,48.59507,39.31353,48.60815,39.31072
1388,48.58731,39.32086,48.59472,39.35712
1389,48.58575,39.36049,48.57692,39.33427
1390,48.57921,39.38002,48.52644,39.3237
1391,48.55446,38.62294,48.40609,38.64918
1393,48.5079,38.64779,48.54708,38.60598
1394,48.58381,38.65586,48.50046,38.69791
1395,48.55616,38.62138,48.60265,38.61057
1396,48.58489,38.67974,48.52058,38.69677
1397,48.57158,38.67574,48.53539,38.67726
1398,48.56327,38.64998,48.5326,38.67541
1399,48.51914,38.73557,48.4455,38.648
1400,48.49284,38.73437,48.54687,38.6943
1401,48.52243,38.6732,48.63191,38.78275
1403,48.50275,38.66546,48.60464,38.68219
1404,48.56808,38.69268,48.60908,38.68931
1405,48.52585,39.48545,48.55445,39.53331
1406,48.51824,39.52601,48.56849,39.51542
1407,48.47663,39.46292,48.56351,39.49384
1408,48.45394,39.53289,48.512,39.52175
1409,48.49969,39.47548,48.47145,39.44253
1410,48.44104,39.54193,48.51665,39.55943
1411,48.47245,39.52371,48.49944,39.44623
1412,48.55977,39.49999,48.43392,39.43708
1413,48.48536,39.43407,48.42686,39.50535
1414,48.50641,39.46228,48.52151,39.5276
1415,48.48623,39.54436,48.45973,39.45678
1416,48.5225,39.53785,48.53384,39.41685
1417,48.48435,39.52256,48.50763,39.48507
1418,48.52016,39.53917,48.50283,39.51365
1419,48.55461,39.48932,48.37603,39.48481
1420,48.36241,39.19715,48.38002,39.16549
1421,48.34309,39.19685,48.39841,39.20423
1422,48.44701,39.17998,48.39003,39.18188
1423,48.36914,39.16425,48.32524,39.10335
1424,48.37989,39.20472,48.44378,39.13676
1425,48.39565,39.17769,48.48607,39.11891
1426,48.41475,39.19219,48.38319,39.22241
1427,48.3145,39.17349,48.40963,39.19079
1428,48.41622,39.15802,48.36616,39.32496
1429,48.3862,39.18739,48.35412,39.13841
1430,48.45945,39.13566,48.46414,39.26352
1431,48.43143,39.20354,48.56189,39.18314
1432,48.38906,39.11514,48.46289,39.14902
1433,48.38102,39.21927,48.51941,39.22397
1434,48.40405,39.17074,48.38941,39.26876
1435,48.40423,39.23516,48.34146,39.25986
1436,48.41371,39.19114,48.36598,39.27913
1437,48.40971,39.26169,48.42657,39.10886
1438,48.38174,39.27649,48.31168,39.16195
1439,48.3666,39.2326,48.37519,39.16411
1440,48.41134,39.27699,48.34885,39.21936
1441,49.20707,38.90071,49.2561,38.9608
1442,49.1496,38.89958,49.17999,38.91777
1443,49.24268,38.92731,49.23698,38.91474
1444,49.21417,38.85827,49.15551,38.97374
1445,49.21152,38.91436,49.26751,38.90971
1446,49.2785,38.93081,49.20164,38.80917
1447,49.20642,39.01955,49.28676,38.96714
1448,49.26146,38.95845,49.19082,38.91059
1449,49.20284,38.97518,49.17024,38.99246
1450,49.13019,38.90752,49.27416,38.9403
1451,49.18695,38.92203,49.15886,38.86274
1452,49.23951,38.87534,49.2746,38.91556
1453,48.48114,38.77647,48.44793,38.85356
1454,48.43238,38.85086,48.4114,38.82772
1455,48.46895,38.83735,48.43581,38.78037
1456,48.44867,38.88541,48.60868,38.72455
1457,48.50835,38.81725,48.44488,38.83823
1458,48.42878,38.81529,48.4853,38.86517
1459,48.42337,38.75902,48.57133,38.78703
1460,48.52525,38.74635,48.39117,38.7869
1461,48.50345,38.88767,48.50396,38.74892
1462,48.49183,38.79665,48.42326,38.74136
1463,48.49473,38.77474,48.39579,38.89244
1464,48.52337,38.81797,48.45869,38.74608
1465,48.45681,38.82294,48.57693,38.81063
1466,48.47705,34.93674,48.46244,35.05993
1467,48.43847,35.02893,48.46461,34.92009
1468,48.47,35.04584,48.54174,35.04251
1469,48.48651,35.09073,48.48493,34.99681
1470,48.47467,35.01152,48.42822,34.96083
1471,48.42783,35.08352,48.4763,35.04433
1472,48.47067,34.96437,48.34084,35.01558
1473,48.50808,35.03215,48.41171,34.99261
1474,48.43665,34.97467,48.49203,35.06462
1475,48.52743,34.99439,48.43455,34.97795
1476,48.47393,35.01247,48.46972,34.94968
1477,48.52302,34.98811,48.46639,34.96089
1478,48.46379,34.94766,48.4616,35.02018
1479,48.48679,35.0069,48.47501,35.04957
1480,48.44984,35.02781,48.42743,35.00406
1481,48.43279,35.01238,48.52565,34.96051
1482,47.90272,33.35747,47.89721,33.40717
1483,47.8554,33.3361,47.97997,33.40164
1484,47.93869,33.35487,47.90085,33.3978
1485,47.88672,33.40468,47.7943,33.39682
1486,47.9151,33.282,47.94215,33.37278
1487,47.87056,33.35223,47.897,33.32083
1488,47.8567,33.36301,47.91033,33.40376
1489,47.91963,33.37913,47.96656,33.39077
1490,47.94397,33.39358,47.87252,33.31179
1491,47.96518,33.34841,47.87555,33.39766
1492,47.95873,33.38914,47.97412,33.33891
1493,47.92521,33.36114,47.89603,33.38934
1494,48.4934,34.65835,48.56497,34.6174
1495,48.48001,34.61818,48.62872,34.6835
1496,48.57004,34.59536,48.50225,34.62216
1497,48.57315,34.59811,48.52086,34.58383
1498,48.55254,34.58627,48.53886,34.69455
1499,48.55954,34.67276,48.55023,34.64389
1500,48.5624,36.12444,48.56192,36.04609
1501,48.4809,36.11868,48.50222,36.00413
1502,48.53794,36.07829,48.53917,36.13028
1503,48.53335,36.10764,48.51326,36.06368
1504,48.48315,35.98036,48.52402,36.13187
1505,48.47797,36.07785,48.58167,36.12735
1506,48.49295,36.09317,48.48445,36.08712
1507,48.52518,36.07308,48.5682,36.00772
1508,48.49278,36.13287,48.42606,36.05951
1509,48.4297,36.09731,48.508,36.02579
1510,48.46009,36.08481,48.50044,36.10946
1511,48.53886,36.12706,48.53493,36.07909
1512,48.50377,36.06945,48.55793,36.0808
1513,48.54223,36.06546,48.42188,36.07763
1514,48.59158,36.17002,48.45108,36.15082
1515,48.50396,36.12583,48.62101,36.09513
1516,48.835,35.31314,48.84108,35.3589
1517,48.78726,35.27227,48.72071,35.25666
1518,48.83009,35.27462,48.75669,35.19722
1519,48.83568,35.28876,48.8372,35.19455
1520,48.75375,35.24781,48.79195,35.21948
1521,48.82646,35.30042,48.79219,35.34969
1522,48.79441,35.27843,48.84203,35.2957
1523,48.87992,34.51454,48.99113,34.45181
1524,48.83809,34.43945,48.84134,34.44427
1525,48.84487,34.54755,48.86549,34.45962
1526,48.90007,34.51182,48.86515,34.47708
1527,48.89019,34.52846,48.90522,34.5558
1528,48.91181,34.46443,48.89897,34.55158
1529,48.92151,34.46838,48.88427,34.44258
1530,48.85572,34.46945,48.96473,34.48956
1531,48.90294,34.57346,48.85625,34.42563
1532,48.83627,34.52417,48.82501,34.47179
1533,48.84513,34.53545,48.90923,34.44524
1534,49.42582,27.00661,49.45464,27.00804
1535,49.32897,27.01757,49.37863,26.96283
1536,49.4273,27.03025,49.39525,26.98983
1537,49.46579,27.02763,49.44542,26.98616
1538,49.37616,26.96007,49.33232,26.96712
1539,49.41718,26.95921,49.40306,26.97003
1540,49.48164,26.94971,49.38068,26.94841
1541,49.39417,27.02854,49.35279,26.99832
1542,49.3163,26.98087,49.41881,26.93254
1543,49.42955,26.89591,49.36568,26.9955
1544,49.79646,27.27681,49.81305,27.22383
1545,49.76017,27.1822,49.64019,27.18977
1546,49.7682,27.19961,49.87448,27.10649
1547,49.74744,27.23921,49.7135,27.18817
1548,49.72037,27.26344,49.89759,27.25395
1549,49.73479,27.22858,49.70181,27.20348
1550,49.77345,27.19159,49.7376,27.23614
1551,49.75377,27.29986,49.78586,27.18274
1552,49.771,27.27749,49.76754,27.2964
1553,49.77173,27.25845,49.77089,27.19706
1554,49.74512,27.25614,49.7537,27.21846
1555,49.16391,26.76848,49.17269,26.83909
1556,49.153,26.7793,49.17296,26.87418
1557,49.22202,26.79435,49.16638,26.94656
1558,49.25811,26.91332,49.21399,26.79909
1559,49.22749,26.81105,49.14035,26.8193
1560,49.17788,26.81395,49.11967,26.80059
1561,49.2095,26.84588,49.16035,26.78693
1562,49.37513,27.72223,49.41376,27.61131
1563,49.40706,27.61966,49.40186,27.65862
1564,49.43565,27.69739,49.34876,27.72782
1565,49.40717,27.60042,49.41993,27.71982
1566,49.36757,27.66252,49.35195,27.60221
1567,49.44337,27.61787,49.36124,27.55896
1568,49.34067,27.63804,49.39488,27.63466
1569,49.43536,27.63139,49.39982,27.62237
1570,49.36164,27.64152,49.46193,27.78785
1571,49.41183,27.64069,49.42228,27.64165
1572,49.42822,27.63773,49.34765,27.5807
1573,49.36679,27.61457,49.33167,27.65319
1574,49.87296,26.47068,49.85972,26.38341
1575,49.86657,26.38507,49.7899,26.47711
1576,49.85516,26.42366,49.87582,26.40523
1577,49.82309,26.43372,49.86659,26.36748
1578,49.88061,26.45403,49.86376,26.40689
1579,49.8108,26.37224,49.87242,26.42163
1580,49.88962,26.43442,49.85304,26.47528
1581,49.87635,26.34825,49.8065,26.42376
1582,49.87696,26.40541,49.81371,26.34138
1583,49.90221,26.37022,49.85721,26.38096
1584,49.79454,26.39117,49.85788,26.46558
1585,49.83116,26.36872,49.848,26.38386
1586,48.1763,37.79509,48.22311,37.86137
1587,48.06182,37.7606,48.10565,37.75818
1588,48.03615,37.79521,48.15057,37.77404
1589,48.16295,37.84252,48.15497,37.81531
1590,48.1499,37.80158,48.13459,37.83843
1591,48.01838,37.80102,48.15152,37.80261
1592,48.16342,37.72398,48.12481,37.85846
1593,48.1089,37.79409,48.14847,37.89462
1594,48.07479,37.78979,48.09581,37.72332
1595,48.06809,37.81351,48.13605,37.84635
1596,48.14432,37.74371,48.11446,37.84567
1597,48.10532,37.8125,48.05634,37.80753
1598,48.13831,37.84834,48.12798,37.86551
1599,48.1195,37.84179,48.13248,37.71413
1600,48.06916,37.77497,48.14697,37.85398
1601,48.12119,37.75111,48.10907,37.87472
1602,48.18373,37.81711,48.15014,37.78443
1603,48.14216,37.81609,48.12143,37.83767
1604,48.12077,37.81017,48.06526,37.86657
1605,48.15195,37.81165,48.08266,37.83673
1606,48.12679,37.80114,48.2199,37.84127
1607,48.16404,37.80641,48.06767,37.73616
1608,48.1004,37.75523,48.12469,37.8697
1609,48.16574,37.85648,48.14207,37.89895
1610,48.13042,37.78711,48.04497,37.86561
1611,48.11876,37.88756,48.07713,37.8826
1612,48.06675,37.75727,48.15084,37.78676
1613,48.16691,37.82115,48.07593,37.74541
1614,48.097,37.71753,48.05828,37.79427
1615,48.07187,37.83202,48.1727,37.73252
1616,48.16879,37.79686,48.05247,37.87878
1617,48.07286,37.80655,48.11668,37.76173
1618,48.16782,37.79212,48.11592,37.82411
1619,48.08755,37.84878,48.15356,37.77543
1620,48.14361,37.83041,48.116,37.87201
1621,48.14544,37.79586,48.19032,37.73217
1622,48.10827,37.82443,48.14354,37.80092
1623,48.15449,37.81122,48.18654,37.83167
1624,48.07917,37.78511,48.09659,37.91468
1625,47.73136,37.56531,47.71338,37.50129
1626,47.77116,37.62018,47.71674,37.54389
1627,47.68555,37.6018,47.73802,37.60388
1628,47.71447,37.52154,47.70531,37.49931
1629,47.72097,37.61171,47.65137,37.64045
1630,47.69221,37.62855,47.71221,37.56588
1631,47.68457,37.59093,47.66765,37.51736
1632,47.71565,37.58358,47.72912,37.55531
1633,47.67354,37.51104,47.70399,37.58155
1634,47.72894,37.54854,47.76531,37.5374
1635,47.70458,37.52028,47.66648,37.61374
1636,47.69157,37.5807,47.70842,37.60643
1637,47.71393,37.53217,47.75734,37.65882
1638,47.71774,37.56255,47.74504,37.56891
1639,47.71279,37.5779,47.65482,37.53617
1640,48.04608,37.35306,47.94624,37.24446
1641,47.98175,37.30967,47.90231,37.32159
1642,47.9916,37.35438,47.92035,37.35156
1643,48.01645,37.24141,48.06562,37.22691
1644,48.01902,37.29319,47.9906,37.35056
1645,48.04682,37.25885,47.98475,37.3159
1646,48.0136,37.32336,48.01118,37.34098
1647,47.97539,37.32518,47.9593,37.29808
1648,48.01491,37.33752,47.9402,37.30262
1649,48.01154,37.39,47.98136,37.16647
1650,47.96677,37.39509,47.95393,37.25208
1651,48.05278,37.33465,48.01052,37.24131
1652,47.92886,37.31794,47.95811,37.34686
1653,48.34216,38.24601,48.33746,38.2654
1654,48.31989,38.2877,48.28256,38.23466
1655,48.22617,38.23772,48.29094,38.1342
1656,48.3578,38.20592,48.32854,38.2858
1657,48.39706,38.23172,48.34346,38.31382
1658,48.36205,38.20101,48.3163,38.1771
1659,48.32179,38.19682,48.38563,38.13134
1660,48.33818,38.17812,48.34682,38.17048
1661,48.37696,38.18377,48.27939,38.26262
1662,48.27848,38.19586,48.32452,38.17846
1663,48.29058,38.24632,48.2485,38.23918
1664,48.33823,38.22698,48.38306,38.18595
1665,48.3232,38.20242,48.36728,38.2197
1666,48.3112,38.20979,48.26129,38.15886
1667,48.42006,38.28853,48.33615,38.3285
1668,48.34755,38.20889,48.40708,38.2365
1669,48.35177,38.22504,48.33233,38.17646
1670,48.25644,38.27164,48.4231,38.19156
1671,48.32064,38.18238,48.2948,38.2204
1672,48.31707,38.2384,48.24592,38.20806
1673,48.37136,38.21574,48.31361,38.19345
1674,48.3404,38.28028,48.39492,38.14266
1675,48.28199,38.27477,48.34784,38.16959
1676,48.35109,38.22169,48.29144,38.28004
1679,48.3753,38.26027,48.25153,38.22997
1680,48.36482,38.2256,48.24848,38.25266
1682,48.31127,38.26229,48.29917,38.24863
1683,48.30145,38.20775,48.31863,38.17634
1684,48.35712,38.26893,48.34395,38.18545
1685,48.35107,38.26771,48.36447,38.12639
1686,48.32454,38.26503,48.30584,38.22412
1687,48.34402,38.28612,48.31592,38.18694
1688,48.31974,38.19049,48.39818,38.19434
1689,48.34088,38.20234,48.31244,38.3333
1691,48.27466,38.24658,48.36293,38.201
1692,48.26367,38.22,48.31298,38.25837
1693,48.30436,38.25516,48.22506,38.23127
1695,48.26945,38.21553,48.29891,38.29576
1696,48.67184,37.50699,48.75972,37.43772
1697,48.64262,37.48822,48.58993,37.50808
1699,48.64523,37.53852,48.67226,37.54734
1700,48.59599,37.50838,48.65003,37.508
1703,48.61335,37.57145,48.62343,37.58564
1704,48.59356,37.55962,48.5409,37.53902
1705,48.55045,37.53869,48.60934,37.56693
1706,48.62254,37.55542,48.45821,37.52564
1708,48.65577,37.56741,48.66256,37.39956
1709,48.59245,37.57431,48.56419,37.47387
1710,48.57592,37.47978,48.68289,37.55617
1711,48.62586,37.49693,48.61185,37.49525
1712,48.61032,37.55374,48.61963,37.56184
1713,48.65158,37.52584,48.6368,37.56382
1714,48.63245,37.53448,48.64986,37.49693
1715,48.54549,37.56691,48.6307,37.52818
1716,48.5407,37.57177,48.56799,37.49298
1717,48.56944,37.56365,48.65773,37.47299
1718,48.65318,37.47816,48.60137,37.58792
1719,48.59818,37.4884,48.62181,37.47769
1720,48.5779,37.52428,48.64461,37.55879
1721,48.58769,37.52638,48.60343,37.53043
1722,48.60493,37.4991,48.62622,37.50156
1723,48.52423,37.48397,48.53228,37.42403
1724,48.58178,37.52911,48.59298,37.56016
1725,48.65235,37.52406,48.55486,37.52357
1726,48.63012,37.53341,48.58249,37.57502
1727,48.70327,37.53209,48.68397,37.53705
1728,48.6022,37.50308,48.65413,37.56292
1729,48.56174,37.55572,48.58035,37.45575
1730,48.60931,37.54232,48.69631,37.51677
1731,48.55924,37.56654,48.58871,37.49894
1732,48.70245,37.51384,48.65075,37.50518
1733,48.54955,37.54656,48.63212,37.52508
1734,48.55103,37.78108,48.57821,37.89901
1735,48.58872,37.78823,48.61188,37.85537
1736,48.58954,37.79676,48.64081,37.83838
1737,48.59174,37.7839,48.56825,37.86461
1738,48.631,37.83022,48.67478,37.79117
1739,48.58335,37.80079,48.56524,37.81521
1740,48.61798,37.83458,48.59575,37.91711
1741,48.61695,37.81274,48.61911,37.90865
1742,48.63551,37.84489,48.69773,37.92942
1743,48.64738,37.88475,48.56791,37.82858
1744,48.58694,37.83015,48.62167,37.76473
1745,48.64006,37.86064,48.57109,37.83781
1746,48.63337,37.83299,48.57396,37.78354
1747,48.55605,37.88311,48.55449,37.86154
1748,48.56614,37.83908,48.61824,37.89355
1749,47.91082,37.7756,47.86385,37.79722
1750,47.93237,37.82155,47.79266,37.80787
1751,47.90353,37.81993,47.81956,37.75563
1752,47.85231,37.80445,47.78464,37.75173
1753,47.87647,37.82147,47.90334,37.72718
1754,47.86601,37.78736,47.89172,37.78561
1755,47.81775,37.74388,47.88036,37.81574
1756,47.88415,37.72892,47.8425,37.89746
1757,47.83301,37.62289,48.03152,37.5069
1758,47.8777,37.5898,47.91919,37.56838
1759,47.91293,37.57245,47.90892,37.51011
1760,47.92148,37.51672,47.92164,37.49813
1761,47.96814,37.53918,47.94973,37.54477
1762,47.95555,37.55869,47.90094,37.54121
1763,47.96237,37.54184,47.98164,37.60685
1764,47.88536,37.56858,48.05491,37.55732
1765,47.94397,37.49802,47.9938,37.54193
1766,48.47073,35.05184,48.51147,34.91967
1767,48.4306,34.9761,48.48225,35.04239
1768,48.5164,35.01959,48.5088,34.9066
1769,48.42991,34.92948,48.43014,35.0057
1770,48.50039,35.00336,48.41734,34.90608
1771,48.44832,35.01472,48.35872,35.04647
1772,48.44056,35.03368,48.38216,35.01875
1773,48.45916,35.03715,48.4291,34.90738
1774,48.50548,35.04519,48.43141,35.04482
1775,48.4864,34.96261,48.46063,34.98163
1776,48.51413,35.00934,48.47371,35.00764
1777,48.41837,34.99682,48.48196,35.008
1778,48.43655,35.04568,48.43587,34.93245
1779,48.48311,35.02532,48.5235,34.99043
1780,48.42654,34.93497,48.5653,34.89882
1781,48.50016,35.02018,48.431,35.03234
1782,48.51143,34.97203,48.36907,34.98378
1783,48.46362,35.01827,48.39226,34.96304
1784,48.49211,35.06781,48.49464,35.02666
1785,48.44556,35.00634,48.49245,34.963
1786,48.42603,34.99306,48.48682,34.9615
1787,48.44326,34.9727,48.51291,34.97875
1788,48.48922,34.99876,48.44505,34.94414
1789,48.43517,35.06967,48.40514,34.97886
1790,47.88095,33.28716,47.88494,33.33517
1791,47.96487,33.29971,47.96947,33.40651
1792,47.8607,33.2669,47.89502,33.45086
1793,47.82718,33.34513,47.90604,33.41683
1794,47.91645,33.36849,47.8886,33.35998
1795,47.98617,33.28287,47.95734,33.38651
1796,47.91049,33.30434,47.93742,33.33534
1797,47.85827,33.40944,47.81357,33.29351
1798,47.92857,33.31378,47.86013,33.4182
1799,47.9166,33.38638,47.95059,33.44514
1800,47.98185,33.36761,47.93071,33.34177
1801,47.9077,33.3917,47.96881,33.34531
1802,47.87228,33.33961,47.93074,33.39022
1803,47.99846,33.30985,47.95738,33.35605
1804,48.55479,34.6277,48.54166,34.59302
1805,48.48078,34.53742,48.58919,34.58111
1806,48.52185,34.6092,48.55902,34.63617
1807,48.58636,34.61362,48.50278,34.6427
1808,48.53808,34.70762,48.57159,34.61576
1809,48.58175,34.53649,48.56133,34.69667
1810,48.54991,34.64756,48.45956,34.55632
1811,48.56566,34.57405,48.52593,34.6802
1812,48.53285,34.64555,48.46454,34.60287
1813,48.60398,34.6964,48.48572,34.60588
1814,48.58102,34.61,48.53197,34.76361
1815,48.52803,34.56839,48.60064,34.59455
1816,48.52273,34.64215,48.60155,34.60014
1817,48.57881,34.61444,48.49679,34.67401
1818,48.55397,34.65229,48.51531,34.66075
1819,48.57596,34.60073,48.64788,34.53554
1820,47.64787,33.50374,47.59676,33.4218
1821,47.62262,33.46623,47.62715,33.45151
1822,47.61864,33.52501,47.60489,33.52567
1823,47.60394,33.56023,47.63269,33.46992
1824,47.70571,33.48241,47.71501,33.63162
1825,47.62165,33.43674,47.67566,33.50565
1826,47.62763,33.4855,47.58748,33.5662
1827,47.53993,33.41388,47.6732,33.4277
1828,47.61195,33.39594,47.59641,33.48792
1829,47.654,33.50403,47.56066,33.53841
1830,47.67294,33.47287,47.60183,33.57611
